trade_id,trader,commodity,volume,price,datetime
T001,Alice,Power,120,52.5,2024-04-01 09:30:00
T002,Bob,Gas,200,30.2,2024-04-01 10:00:00
T003,Charlie,Power,150,48.7,2024-04-01 10:30:00
T004,Alice,Gas,180,29.9,2024-04-01 11:00:00
T005,Bob,Power,110,55.1,2024-04-01 11:30:00
T006,Charlie,Gas,170,32.4,2024-04-01 12:00:00
T007,Alice,Power,130,51.3,2024-04-02 09:30:00
T008,Bob,Gas,190,31.0,2024-04-02 10:00:00
T009,Charlie,Power,140,53.2,2024-04-02 10:30:00
T010,Alice,Gas,160,30.1,2024-04-02 11:00:00
T011,Bob,Power,100,54.0,2024-04-02 11:30:00
T012,Charlie,Gas,200,29.8,2024-04-02 12:00:00
T013,Alice,Power,90,50.0,2024-04-03 09:30:00
T014,Bob,Gas,180,33.3,2024-04-03 10:00:00
T015,Charlie,Power,160,49.5,2024-04-03 10:30:00
T016,Alice,Gas,140,28.7,2024-04-03 11:00:00
T017,Bob,Power,170,56.4,2024-04-03 11:30:00
T018,Charlie,Gas,210,30.9,2024-04-03 12:00:00
T019,Alice,Power,180,52.0,2024-04-04 09:30:00
T020,Bob,Gas,160,34.1,2024-04-04 10:00:00
T021,Charlie,Power,150,51.7,2024-04-04 10:30:00
T022,Alice,Gas,190,29.5,2024-04-04 11:00:00
T023,Bob,Power,130,57.8,2024-04-04 11:30:00
T024,Charlie,Gas,170,32.0,2024-04-04 12:00:00
T025,Alice,Power,160,50.3,2024-04-05 09:30:00
T026,Bob,Gas,140,30.0,2024-04-05 10:00:00
T027,Charlie,Power,120,54.5,2024-04-05 10:30:00
T028,Alice,Gas,150,27.6,2024-04-05 11:00:00
T029,Bob,Power,110,58.2,2024-04-05 11:30:00
T030,Charlie,Gas,200,31.4,2024-04-05 12:00:00
